{
    "800.0": {
        "limit_m2": 16.0125732421875, 
        "limit_m1": 23.801708221435547, 
        "limit_p1": 64.56869840621948, 
        "limit_p2": 102.2674560546875, 
        "observed": 38.671875, 
        "limit": 38.671875
    }, 
    "900.0": {
        "limit_m2": 11.707305908203125, 
        "limit_m1": 18.0894136428833, 
        "limit_p1": 51.75291299819946, 
        "limit_p2": 84.18518900871277, 
        "observed": 30.2734375, 
        "limit": 30.2734375
    }, 
    "1000.0": {
        "limit_m2": 12.141036987304688, 
        "limit_m1": 18.3404803276062, 
        "limit_p1": 51.104843616485596, 
        "limit_p2": 81.91393613815308, 
        "observed": 30.17578125, 
        "limit": 30.17578125
    }, 
    "300.0": {
        "limit_m2": 155.029296875, 
        "limit_m1": 214.080810546875, 
        "limit_p1": 470.6960678100586, 
        "limit_p2": 674.8883247375488, 
        "observed": 312.5, 
        "limit": 312.5
    }, 
    "400.0": {
        "limit_m2": 90.1519775390625, 
        "limit_m1": 123.43482971191406, 
        "limit_p1": 265.9078598022461, 
        "limit_p2": 382.1532964706421, 
        "observed": 178.90625, 
        "limit": 178.90625
    }, 
    "500.0": {
        "limit_m2": 46.09375, 
        "limit_m1": 65.887451171875, 
        "limit_p1": 155.80459833145142, 
        "limit_p2": 233.42032432556152, 
        "observed": 100.0, 
        "limit": 100.0
    }, 
    "600.0": {
        "limit_m2": 24.75738525390625, 
        "limit_m1": 36.309659481048584, 
        "limit_p1": 93.44485998153687, 
        "limit_p2": 144.5452332496643, 
        "observed": 57.6171875, 
        "limit": 57.6171875
    }, 
    "700.0": {
        "limit_m2": 21.19140625, 
        "limit_m1": 30.770111083984375, 
        "limit_p1": 78.17088961601257, 
        "limit_p2": 120.83117961883545, 
        "observed": 48.4375, 
        "limit": 48.4375
    }
}